{
    "88890.9321665616": 0.03468704968690872,
    "87547.77682149992": 0.09636231511831284,
    "86202.4980804656": 0.17862644791603088,
    "84855.19726945751": 0.2813487648963928,
    "83505.98703530827": 0.40438756346702576,
    "82181.4759377978": 0.5445943474769592,
    "80798.3306237841": 0.7074338793754578,
    "79310.66138055082": 0.8905050158500671,
    "78055.29990450642": 1.100138783454895,
    "76708.60451150185": 1.3672243356704712,
    "75456.11611754855": 1.7037943601608276,
    "74070.55664474121": 2.1563808917999268,
    "72684.19038017571": 2.7383077144622803,
    "71324.47510927136": 3.4585390090942383,
    "69938.29888633196": 4.369690895080566,
    "68579.46200414654": 5.437141418457031,
    "67222.4847364598": 6.746655464172363,
    "65867.21690997272": 8.421089172363281,
    "64514.87952553795": 10.580041885375977,
    "63165.76386640873": 13.341936111450195,
    "61821.37623031007": 16.819379806518555,
    "60483.134079201496": 21.119705200195312,
    "59152.010365861934": 26.28887367248535,
    "57830.04767525173": 32.41909408569336,
    "56353.766634601285": 40.03968811035156,
    "54888.225417418405": 49.67451095581055,
    "53589.66828675964": 61.78784942626953,
    "52265.78440893162": 76.76911163330078,
    "51003.53116489353": 94.52882385253906,
    "49955.39486178011": 115.96344757080078,
    "48841.49038170441": 170.38917541503906,
    "47685.461837734794": 318.2470703125,
    "46649.23234412086": 526.2606201171875,
    "44998.05617535114": 1045.0751953125,
    "43769.42148365069": 1548.7572021484375,
    "42696.69569179544": 2004.802978515625,
    "41440.73614146875": 2608.05029296875,
    "40419.73337341298": 3120.821044921875,
    "39256.87048956612": 3709.357177734375,
    "38121.13102309732": 4193.9287109375,
    "36948.958824252244": 4560.62890625,
    "35774.483652082854": 4872.630859375,
    "34740.129311230965": 5147.69921875,
    "33682.40706474485": 5480.61962890625,
    "32618.645513992175": 5917.74072265625,
    "31542.223618474673": 6519.3310546875,
    "30471.769892081735": 7329.91796875,
    "29402.41896731162": 8404.6376953125,
    "28342.026362626348": 9784.875,
    "27294.205756627955": 11508.708984375,
    "26274.602070993278": 13576.5380859375,
    "25267.832436771947": 16041.9345703125,
    "24120.971067271894": 19455.87109375,
    "23060.5003514681": 23544.974609375,
    "21932.3011194265": 28966.583984375,
    "20909.896819544025": 34910.8046875,
    "19855.59603677527": 42092.00390625,
    "18777.0081468079": 50582.62109375,
    "17672.930017857696": 60514.546875,
    "16645.94955045136": 70938.625,
    "15578.514979801956": 82958.578125,
    "14562.82748200337": 95613.8046875,
    "13509.694666442112": 110239.8359375,
    "12498.734706116142": 126000.9140625,
    "11456.222012145445": 144092.046875,
    "10387.880213012919": 164675.203125,
    "9385.871425306774": 185846.015625,
    "8379.953457425348": 209071.40625,
    "7328.30062376929": 235508.78125,
    "6303.685389088816": 263461.0625,
    "5280.668298842735": 293604.0625,
    "4270.135095875361": 325640.0625,
    "3225.867276228848": 361175.21875,
    "2192.913173830253": 398824.0625,
    "1191.6945468434133": 437757.9375,
    "189.4975293027237": 479250.375
}