{
    "88890.9321665616": 7.917348057162599e-07,
    "87547.77682149992": 2.281981778651243e-06,
    "86202.4980804656": 4.396352323965402e-06,
    "84855.19726945751": 7.206267127912724e-06,
    "83505.98703530827": 1.078827517630998e-05,
    "82181.4759377978": 1.5124891433515586e-05,
    "80798.3306237841": 2.0462546672206372e-05,
    "79310.66138055082": 2.6795820303959772e-05,
    "78055.29990450642": 3.434278551139869e-05,
    "76708.60451150185": 4.417601303430274e-05,
    "75456.11611754855": 5.671148392139003e-05,
    "74070.55664474121": 7.362617179751396e-05,
    "72684.19038017571": 9.525279892841354e-05,
    "71324.47510927136": 0.00012156980665167794,
    "69938.29888633196": 0.0001538455835543573,
    "68579.46200414654": 0.00018875996465794742,
    "67222.4847364598": 0.0002272559067932889,
    "65867.21690997272": 0.0002727682585828006,
    "64514.87952553795": 0.00032876699697226286,
    "63165.76386640873": 0.0003990312688983977,
    "61821.37623031007": 0.00048805016558617353,
    "60483.134079201496": 0.0006018630811013281,
    "59152.010365861934": 0.000745926343370229,
    "57830.04767525173": 0.0009212761651724577,
    "56353.766634601285": 0.0011436542263254523,
    "54888.225417418405": 0.0014291569823399186,
    "53589.66828675964": 0.0017919146921485662,
    "52265.78440893162": 0.002242938382551074,
    "51003.53116489353": 0.0027770616579800844,
    "49955.39486178011": 0.0034161300864070654,
    "48841.49038170441": 0.005017474293708801,
    "47685.461837734794": 0.009351026266813278,
    "46649.23234412086": 0.015411301515996456,
    "44998.05617535114": 0.03033396042883396,
    "43769.42148365069": 0.04454991593956947,
    "42696.69569179544": 0.057184912264347076,
    "41440.73614146875": 0.07354642450809479,
    "40419.73337341298": 0.08713398873806,
    "39256.87048956612": 0.10233189910650253,
    "38121.13102309732": 0.11414835602045059,
    "36948.958824252244": 0.12232190370559692,
    "35774.483652082854": 0.12861402332782745,
    "34740.129311230965": 0.13387280702590942,
    "33682.40706474485": 0.1402985006570816,
    "32618.645513992175": 0.14902937412261963,
    "31542.223618474673": 0.16140040755271912,
    "30471.769892081735": 0.1783350557088852,
    "29402.41896731162": 0.20088085532188416,
    "28342.026362626348": 0.22971327602863312,
    "27294.205756627955": 0.2653682827949524,
    "26274.602070993278": 0.30756309628486633,
    "25267.832436771947": 0.35707810521125793,
    "24120.971067271894": 0.42442452907562256,
    "23060.5003514681": 0.5040816068649292,
    "21932.3011194265": 0.6079646944999695,
    "20909.896819544025": 0.7196388840675354,
    "19855.59603677527": 0.85174161195755,
    "18777.0081468079": 1.0044231414794922,
    "17672.930017857696": 1.1788076162338257,
    "16645.94955045136": 1.357568621635437,
    "15578.514979801956": 1.558963418006897,
    "14562.82748200337": 1.7661948204040527,
    "13509.694666442112": 1.9977022409439087,
    "12498.734706116142": 2.236037492752075,
    "11456.222012145445": 2.497084379196167,
    "10387.880213012919": 2.779902458190918,
    "9385.871425306774": 3.057156801223755,
    "8379.953457425348": 3.347620725631714,
    "7328.30062376929": 3.6633241176605225,
    "6303.685389088816": 3.9824230670928955,
    "5280.668298842735": 4.3122429847717285,
    "4270.135095875361": 4.64910364151001,
    "3225.867276228848": 5.008997440338135,
    "2192.913173830253": 5.377213954925537,
    "1191.6945468434133": 5.746354103088379,
    "189.4975293027237": 6.129919528961182
}